token_address,ticker,platform,version,launch_block,launch_ts,factory_address
0x7a0b56cf3eb9ec219bb9f9dd4bc15ce2a0b27b07,NCLAW,clanker,V4,41795490,1770380327,0xE85A59c628F7d27878ACeB4bf3b35733630083a9
0xc2531baced35c91df1528659d1735bb4d369bb07,BUILDERARENA,clanker,V4,41809192,1770407731,0xE85A59c628F7d27878ACeB4bf3b35733630083a9
0x6df3bf061da5fc2a241a26e13e9599fa89800b07,ClawWhale,clanker,V4,41716216,1770221779,0xE85A59c628F7d27878ACeB4bf3b35733630083a9
0xdb0f04853a00662502b384b3e7c47a764c96ab07,FSAM,clanker,V4,41805274,1770399895,0xE85A59c628F7d27878ACeB4bf3b35733630083a9
0xb3f89099e1acc657d937d0a85ab3e34b67112b07,MOLTMATCH,clanker,V4,41647168,1770083683,0xE85A59c628F7d27878ACeB4bf3b35733630083a9
0x0815253e9c8e57a056633d908e6be18456516b07,TRIDENT,clanker,V4,41769264,1770327875,0xE85A59c628F7d27878ACeB4bf3b35733630083a9
0x21b9870f90a18bcbe1daa05bc7bbaa3b916fcb07,MILLZ,clanker,V4,41857834,1770505015,0xE85A59c628F7d27878ACeB4bf3b35733630083a9
0xc9926ed80ae3736bd4921538f4a65a4fc0c02b07,SUNS POWER,clanker,V4,41730849,1770251045,0xE85A59c628F7d27878ACeB4bf3b35733630083a9
0xf87519758febdbdafdfff44d0cf8b65f163e7b07,OracleOfTalents,clanker,V4,41836938,1770463223,0xE85A59c628F7d27878ACeB4bf3b35733630083a9
0xdc0f366bd391d30ffc5f5d22f594d1bfaa970b07,PP,clanker,V4,41689173,1770167693,0xE85A59c628F7d27878ACeB4bf3b35733630083a9
0xb935c345c8bb18f7c402f0cd0ea62643a39feb07,steinclaw,clanker,V4,41608910,1770007167,0xE85A59c628F7d27878ACeB4bf3b35733630083a9
0xf5555a3eccb104b16d329ca46fe5de8e1d8a5b07,builderarena,clanker,V4,41809035,1770407417,0xE85A59c628F7d27878ACeB4bf3b35733630083a9
0x2fa08e74a47cb5c9211d14da00905bb96d22fb07,shitsuji_shinki,clanker,V4,41823870,1770437087,0xE85A59c628F7d27878ACeB4bf3b35733630083a9
0x26a19d2397bc36edafa2c03402ff29711c89eb07,SugusClaw,clanker,V4,41825307,1770439961,0xE85A59c628F7d27878ACeB4bf3b35733630083a9
0x9eed0e451dc3bca92b81a53a6877c9a620d06b07,OMEZKAAI,clanker,V4,41837424,1770464195,0xE85A59c628F7d27878ACeB4bf3b35733630083a9
0x7b6d68a4253e6a9cdbe805e7977b0682149eeb07,FurryFlasher,clanker,V4,41713939,1770217225,0xE85A59c628F7d27878ACeB4bf3b35733630083a9
0xb4805a164c3bdce71b7896f45b71609b3d78fb07,CONDUCTOR,clanker,V4,41865519,1770520385,0xE85A59c628F7d27878ACeB4bf3b35733630083a9
0xe483e13e7bec9e8e493853c249ec459b02e3bb07,URCHIN,clanker,V4,41712948,1770215243,0xE85A59c628F7d27878ACeB4bf3b35733630083a9
0x6c69fb7a9720675607a368e5e63b22057b475b07,SLEPLEES,clanker,V4,41698698,1770186743,0xE85A59c628F7d27878ACeB4bf3b35733630083a9
0xe91a8c3e276c683509c478bd3e05c3f4dde25b07,MograAgent_1770460680,clanker,V4,41839052,1770467451,0xE85A59c628F7d27878ACeB4bf3b35733630083a9
0x9071ca1882b14750b4bc4ce41d7488d61a9fa290,UPONLY,clanker,V4,41688543,1770166433,0xE85A59c628F7d27878ACeB4bf3b35733630083a9
0x1c2d0985c2816f02809013f7e11a0a26bf57b5ca,POPFRG,clanker,V4,41865479,1770520305,0xE85A59c628F7d27878ACeB4bf3b35733630083a9
0xb95ff6280195c9e3b879460d3ba7b408a4e4ab07,THINK,clanker,V4,41695204,1770179755,0xE85A59c628F7d27878ACeB4bf3b35733630083a9
0x6a4fad3a14db334fa376196c69b41debe5684519,Clawd576b78,clanker,V4,41732794,1770254935,0xE85A59c628F7d27878ACeB4bf3b35733630083a9
0x7bdc4e4cd5b14b8d7bf44258b38be984d920bb07,Coinbase telek,clanker,V4,41856921,1770503189,0xE85A59c628F7d27878ACeB4bf3b35733630083a9
0xf8d650e659bedb1e24dc320dcb18fce210cc6b07,clawbracky,clanker,V4,41777567,1770344481,0xE85A59c628F7d27878ACeB4bf3b35733630083a9
0xfef93fbb119cd79638b54401365d1c80caa17b07,ClawBL,clanker,V4,41783667,1770356681,0xE85A59c628F7d27878ACeB4bf3b35733630083a9
0xb7eed7b6785feeaa09c6ff826489f9d243896b07,fhh,clanker,V4,41617312,1770023971,0xE85A59c628F7d27878ACeB4bf3b35733630083a9
0x856a76f9299dacbc27ef5463a2f5508dc0099b07,CLAW,clanker,V4,41770051,1770329449,0xE85A59c628F7d27878ACeB4bf3b35733630083a9
0xf6cbe3bce0e90d2e4d9176c100a59ed44fe5cb07,ZATS,clanker,V4,41858598,1770506543,0xE85A59c628F7d27878ACeB4bf3b35733630083a9
0x15ce1b5b1cb947a63ce1587132c17f7b35aa5b07,CLONKER,clanker,V4,41672796,1770134939,0xE85A59c628F7d27878ACeB4bf3b35733630083a9
0x38f010511c7c61cdc0e87f67a4cb49528c25fb07,SNOWCORGI,clanker,V4,41799728,1770388803,0xE85A59c628F7d27878ACeB4bf3b35733630083a9
0xdee2d631463954af62cc9729986ebbbd2ff98b07,SALLY,clanker,V4,41683907,1770157161,0xE85A59c628F7d27878ACeB4bf3b35733630083a9
0x555fe6d1d180d4970bd6bff7c86d047fd153669d,XNINI,clanker,V4,41712782,1770214911,0xE85A59c628F7d27878ACeB4bf3b35733630083a9
0x40bc569dcd899a50fc9979d06283c12ce6f4eb07,clawdfi,clanker,V4,41674007,1770137361,0xE85A59c628F7d27878ACeB4bf3b35733630083a9
0x5f17915e52ffe75c4c045f8cc11671e373f3db07,BNKW,clanker,V4,41746244,1770281835,0xE85A59c628F7d27878ACeB4bf3b35733630083a9
0x2f8c3847c00488f050d651f30217d3a1dd85ea36,ZEREMPLUS,clanker,V4,41793125,1770375597,0xE85A59c628F7d27878ACeB4bf3b35733630083a9
0x5fa5583a0d83401db31100743b1969757c1ea684,Zoidberg,clanker,V4,41680581,1770150509,0xE85A59c628F7d27878ACeB4bf3b35733630083a9
0xb4a40942967885577711d53192b03d9d8e6dbb07,SHELTER,clanker,V4,41809601,1770408549,0xE85A59c628F7d27878ACeB4bf3b35733630083a9
0x633efb3b3afe2d8097b06b64c46b6cea253f9b07,Dragonclaw3000,clanker,V4,41818402,1770426151,0xE85A59c628F7d27878ACeB4bf3b35733630083a9
0x15191fbee5fe666c8819770701b7fd966a527b07,ZULUETX,clanker,V4,41703420,1770196187,0xE85A59c628F7d27878ACeB4bf3b35733630083a9
0xab2315d9dd7b63675fb566f81f2ec03d662b7b07,MOLTIN,clanker,V4,41861039,1770511425,0xE85A59c628F7d27878ACeB4bf3b35733630083a9
0x4ed914e12302a76869434f70ab1837eee4608b07,SHEKEL,clanker,V4,41674443,1770138233,0xE85A59c628F7d27878ACeB4bf3b35733630083a9
0x671fd3c1400404415a6f7e82f420f50a63eacb07,Quacks,clanker,V4,41848710,1770486767,0xE85A59c628F7d27878ACeB4bf3b35733630083a9
0x71baa0001cb4ddaaf467b8fba8bc8858fd9aab07,MPRIME,clanker,V4,41799965,1770389277,0xE85A59c628F7d27878ACeB4bf3b35733630083a9
0xe7c7205abd73f601b20c6b193ca45bfd8a4d550c,SparkySidekick,clanker,V4,41686377,1770162101,0xE85A59c628F7d27878ACeB4bf3b35733630083a9
0x972b2c1c050f0a7f1d42aadb4f2fc7ec16d17b07,CLAW,clanker,V4,41807442,1770404231,0xE85A59c628F7d27878ACeB4bf3b35733630083a9
0x12741fd87f6314193e46ff8b76cbc45eddda3b07,grockmolt,clanker,V4,41656436,1770102219,0xE85A59c628F7d27878ACeB4bf3b35733630083a9
0x8f48f805405b838a1ada9ccc45c32dfdcd68fb07,ClawMart,clanker,V4,41616053,1770021453,0xE85A59c628F7d27878ACeB4bf3b35733630083a9
0x69bad6135ee28709cb16421022e4afaa122c8b07,ASL,clanker,V4,41838928,1770467203,0xE85A59c628F7d27878ACeB4bf3b35733630083a9
0xa586dfb74265f8bbaa8f228a89da3abbf8499b07,OPENANIMAL,clanker,V4,41848615,1770486577,0xE85A59c628F7d27878ACeB4bf3b35733630083a9
0x12428b85967909a3e05688eb7d35a714cffa2b0d,XUEQIAI,clanker,V4,41677762,1770144871,0xE85A59c628F7d27878ACeB4bf3b35733630083a9
0x0f7434a1a9ac6713eac159a9b3103ab6cf21cb07,nicholasjenkins128,clanker,V4,41718400,1770226147,0xE85A59c628F7d27878ACeB4bf3b35733630083a9
0x2e418e11a2fb682e2c76168076b3d73c521530ad,clawzia,clanker,V4,41724146,1770237639,0xE85A59c628F7d27878ACeB4bf3b35733630083a9
0x2534da3c9b76cb5778f6769d61a61fd8bee43b07,SKILL,clanker,V4,41832756,1770454859,0xE85A59c628F7d27878ACeB4bf3b35733630083a9
0x50fad313a6dc624f142fe4cb8a40cd0fa9342b07,JDAB,clanker,V4,41855651,1770500649,0xE85A59c628F7d27878ACeB4bf3b35733630083a9
0x10a1177b6f47ed3dbdc6bac4ac8c28b816913b07,Zcash,clanker,V4,41803383,1770396113,0xE85A59c628F7d27878ACeB4bf3b35733630083a9
0x8bad2bc3d8b8c6d0ba37e45be9e3469426e75b07,KelvinGrok,clanker,V4,41681654,1770152655,0xE85A59c628F7d27878ACeB4bf3b35733630083a9
0xa8b79e6b5636b2a5a78ef8de89d01eaef9930b78,JakePaul,clanker,V4,41811690,1770412727,0xE85A59c628F7d27878ACeB4bf3b35733630083a9
0x98af3cdb0353be3227c0540ee112a72f1f910b07,FDR,clanker,V4,41850630,1770490607,0xE85A59c628F7d27878ACeB4bf3b35733630083a9
0x228e45dbd521b0c1abb383ff5ecdb9b591dcdb07,moltbot,clanker,V4,41640186,1770069719,0xE85A59c628F7d27878ACeB4bf3b35733630083a9
0x9025bde65a8cbe0baa25ae0fb3ad22f3a100ead4,XENONAI,clanker,V4,41603971,1769997289,0xE85A59c628F7d27878ACeB4bf3b35733630083a9
0x9aad5fed0153e8af5a863d216f3be73d50681b07,0xmoltnasa,clanker,V4,41864802,1770518951,0xE85A59c628F7d27878ACeB4bf3b35733630083a9
0x338467416cc0f61d325993eb23ef55f89a338bb7,moon,clanker,V4,41813378,1770416103,0xE85A59c628F7d27878ACeB4bf3b35733630083a9
0x792ecaa51aba9f060735df9e212768c2f1d7db07,frame,clanker,V4,41816196,1770421739,0xE85A59c628F7d27878ACeB4bf3b35733630083a9
0x29cdd01fea95770d820480570a35bf15eb265b07,ClearDeck ,clanker,V4,41818862,1770427071,0xE85A59c628F7d27878ACeB4bf3b35733630083a9
0xf74dcf6f2526b94306576452cc537efab4d43b07,Mochi,clanker,V4,41809974,1770409295,0xE85A59c628F7d27878ACeB4bf3b35733630083a9
0x8581d405a48a7f515e21270149b23ceddb4aeb07,vibe,clanker,V4,41864599,1770518545,0xE85A59c628F7d27878ACeB4bf3b35733630083a9
0x206e49c44717ce38099ffde4f0d20c5d35628b07,xlala,clanker,V4,41832594,1770454535,0xE85A59c628F7d27878ACeB4bf3b35733630083a9
0x72ee5693806ca600a7576d6322b6b78a26dc8b07,cfish,clanker,V4,41806317,1770401981,0xE85A59c628F7d27878ACeB4bf3b35733630083a9
0x269f86270e6b75db96126b5746f9d5e445319b07,IndexClaw,clanker,V4,41866594,1770522535,0xE85A59c628F7d27878ACeB4bf3b35733630083a9
0xed56ef08eac9a6525a85c4b464eddf333289ab07,Postera,clanker,V4,41736659,1770262665,0xE85A59c628F7d27878ACeB4bf3b35733630083a9
0x9db532ee236b19e056db44f3ddafac3f7bfeab07,vibe,clanker,V4,41862378,1770514103,0xE85A59c628F7d27878ACeB4bf3b35733630083a9
0x0497002cc7760fb719199c79cd54c178d1164b07,JOB,clanker,V4,41828921,1770447189,0xE85A59c628F7d27878ACeB4bf3b35733630083a9
0xa8f5d3c2bc8e6aa60168aecf434eea69a43f7b07,LOBSTER,clanker,V4,41880567,1770550481,0xE85A59c628F7d27878ACeB4bf3b35733630083a9
0x8c1f496d336e329f9c666172d38a0b29d6cbcb07,HORN,clanker,V4,41843381,1770476109,0xE85A59c628F7d27878ACeB4bf3b35733630083a9
0xe7e099fdb1d070177925c1fdb84a7f1033289526,InterpretabilityBot,clanker,V4,41801483,1770392313,0xE85A59c628F7d27878ACeB4bf3b35733630083a9
0x3d36b3d18acff1ed8de4dfada04c720b88350b07,TINYBNKR,clanker,V4,41851870,1770493087,0xE85A59c628F7d27878ACeB4bf3b35733630083a9
0x4d288c20b47865a7d8caa27034ea41e3b0296b07,MacClaw,clanker,V4,41809488,1770408323,0xE85A59c628F7d27878ACeB4bf3b35733630083a9
0x9ffe5f971aee7d22e1cdd1a67ee20308e989cb07,Clanko,clanker,V4,41691205,1770171757,0xE85A59c628F7d27878ACeB4bf3b35733630083a9
0xc11873611fd53b6c5e88bbab1196e8901a580b07,Idea,clanker,V4,41635095,1770059537,0xE85A59c628F7d27878ACeB4bf3b35733630083a9
0x26509f37147a9e8ad07480d7388e04fe69cc2257,AgentPacks,clanker,V4,41714712,1770218771,0xE85A59c628F7d27878ACeB4bf3b35733630083a9
0xfd1cf92b8b9aeea4be32fed365543a43b9f06b07,SATOS,clanker,V4,41809412,1770408171,0xE85A59c628F7d27878ACeB4bf3b35733630083a9
0x59b399bda511e41f2ae64f91c572d9e39fb80294,BLACKHELPERAI,clanker,V4,41865089,1770519525,0xE85A59c628F7d27878ACeB4bf3b35733630083a9
0x12f30100b958311026a6a748b1ae38b76a578b07,SAD,clanker,V4,41938302,1770665951,0xE85A59c628F7d27878ACeB4bf3b35733630083a9
0x7746689889e36867db6e5dacdbb19b6f3decfb07,Build009,clanker,V4,41919223,1770627793,0xE85A59c628F7d27878ACeB4bf3b35733630083a9
0x546661e27128b2c47baa094d58ed27a407918b07,ATOS,clanker,V4,42112365,1771014077,0xE85A59c628F7d27878ACeB4bf3b35733630083a9
0x9b40fae2274f91b4a5f791bb80c367ab06264b07,DEADS,clanker,V4,42047830,1770885007,0xE85A59c628F7d27878ACeB4bf3b35733630083a9
0x46930965d66c243c79e75127cffec9a3c176bb07,HNY,clanker,V4,42215657,1771220661,0xE85A59c628F7d27878ACeB4bf3b35733630083a9
0x8db999f121f2f67b3e7877f7b46e3b65062c5b07,BLAI,clanker,V4,41888025,1770565397,0xE85A59c628F7d27878ACeB4bf3b35733630083a9
0xe61782143222f486463eb6f8d0ab2335e733db07,FTP,clanker,V4,42068630,1770926607,0xE85A59c628F7d27878ACeB4bf3b35733630083a9
0x7f2b24847fbcab8135cb88c08c440cccc6d69b07,Super Bowl LX,clanker,V4,41893755,1770576857,0xE85A59c628F7d27878ACeB4bf3b35733630083a9
0xae31a09a87cb57d36120b49d5bb11d717ca09b07,lanamour,clanker,V4,42291609,1771372565,0xE85A59c628F7d27878ACeB4bf3b35733630083a9
0x556572a8920cf709ca3aac5e36441de91f18ab07,🧨,clanker,V4,42262615,1771314577,0xE85A59c628F7d27878ACeB4bf3b35733630083a9
0x1d10e4b33973e30fc36b4fea38de2aed73d1bb07,GClawnch,clanker,V4,42110084,1771009515,0xE85A59c628F7d27878ACeB4bf3b35733630083a9
0x01b7d3ceb4d6962808578a01f315f6f4f07d3b07,GF,clanker,V4,42140906,1771071159,0xE85A59c628F7d27878ACeB4bf3b35733630083a9
0x881c553663779f3bb086be0957fe77deeeb6ab07,AGENTSTARK,clanker,V4,42015695,1770820737,0xE85A59c628F7d27878ACeB4bf3b35733630083a9
0x5368afbb78a5a87dd8cdee9118245af0a24b7b07,GBOY,clanker,V4,42243970,1771277287,0xE85A59c628F7d27878ACeB4bf3b35733630083a9
0xf62e66e827e4d62bd28380468d3603abe2c4f375,MOLTAGENTIKAAF,clanker,V4,42012529,1770814405,0xE85A59c628F7d27878ACeB4bf3b35733630083a9
0x8cca7c651e384fd42159381907fd51892818ab07,BANKERBOT,clanker,V4,41959988,1770709323,0xE85A59c628F7d27878ACeB4bf3b35733630083a9
0x617ee3d9ac9192e220b1fba7c33259af0274b98a,SODIUM,clanker,V4,41900668,1770590683,0xE85A59c628F7d27878ACeB4bf3b35733630083a9
0xe388867ced9eb56a6ba552372b9149d955d44b07,URANUS,clanker,V4,41947215,1770683777,0xE85A59c628F7d27878ACeB4bf3b35733630083a9
0x8a01b2c6b39229b1423b14d412fba13113bb2b07,Clawsec,clanker,V4,41934041,1770657429,0xE85A59c628F7d27878ACeB4bf3b35733630083a9
0x43f5396ff06de04261f9df9f7784618b73de2b07,NKR,clanker,V4,42063433,1770916213,0xE85A59c628F7d27878ACeB4bf3b35733630083a9
0x98d18d42863c0fc192748cbc1c2e055c3e4a1b07,90,clanker,V4,41937748,1770664843,0xE85A59c628F7d27878ACeB4bf3b35733630083a9
0x08ce8e56c00cb9688d35835668f45620afc99b07,X402,clanker,V4,42039189,1770867725,0xE85A59c628F7d27878ACeB4bf3b35733630083a9
0xf52c06c95d73d313816828024ea578987a6db11d,BLACKISH,clanker,V4,41979029,1770747405,0xE85A59c628F7d27878ACeB4bf3b35733630083a9
0x9a349ff19d2f089f9509698d16288c63f6393b07,FTX2.0,clanker,V4,42160772,1771110891,0xE85A59c628F7d27878ACeB4bf3b35733630083a9
0x78866e9be8d90ca3066274d6138116b368714b07,MOLTCITY,clanker,V4,41905425,1770600197,0xE85A59c628F7d27878ACeB4bf3b35733630083a9
0x4b81f6ffeae84cf1d01d6e942ad01b936b742b07,RustedGear,clanker,V4,41971665,1770732677,0xE85A59c628F7d27878ACeB4bf3b35733630083a9
0x5cb7c9ac857523f10571eae193bf8abd917f3b07,Malfoy,clanker,V4,42109053,1771007453,0xE85A59c628F7d27878ACeB4bf3b35733630083a9
0x7f45e1caba59bc979162e369c96e4a2e1f136b07,FintoX,clanker,V4,42113533,1771016413,0xE85A59c628F7d27878ACeB4bf3b35733630083a9
0xc006ca38a0fecda855e3e1da3d6cf0e78b48eb07,LACY,clanker,V4,42030783,1770850913,0xE85A59c628F7d27878ACeB4bf3b35733630083a9
0x3fcc4b390724021ba09f6e9b3adadafd247d4b07,REVERSAL,clanker,V4,42175549,1771140445,0xE85A59c628F7d27878ACeB4bf3b35733630083a9
0x2bae3e5b3a38351db69f3cab263ba0a0fb356bfe,COMETAI,clanker,V4,41967075,1770723497,0xE85A59c628F7d27878ACeB4bf3b35733630083a9
0x7c22f0a75e926cca70273d981f0eb2f1d8ef8b07,Tooth,clanker,V4,42117208,1771023763,0xE85A59c628F7d27878ACeB4bf3b35733630083a9
0x22b634aedb809786e9da525c97b91879be796b07,Molt Name Service ,clanker,V4,42097514,1770984375,0xE85A59c628F7d27878ACeB4bf3b35733630083a9
0xa98f31b133e48d156262cdb50f7a40bb5ec55b07,Linksy,clanker,V4,42129103,1771047553,0xE85A59c628F7d27878ACeB4bf3b35733630083a9
0x54890ace73373ba8f16f9a14beca16f1ce7aeea7,XAJQSIIANIB,clanker,V4,41975760,1770740867,0xE85A59c628F7d27878ACeB4bf3b35733630083a9
0x417aa5deeab46715221c3e625b73d915d79906ef,AEROSOLFILTRATION,clanker,V4,42057870,1770905087,0xE85A59c628F7d27878ACeB4bf3b35733630083a9
0xa0ad7b882a00937be19d5e9fffed5c3616dd7b07,BM,clanker,V4,42094334,1770978015,0xE85A59c628F7d27878ACeB4bf3b35733630083a9
0x4398bff620d6595a1131daccd09acdfa708aab07,CORE,clanker,V4,42198384,1771186115,0xE85A59c628F7d27878ACeB4bf3b35733630083a9
0x7b13f220c18ddaa6dec11b40ffb1d1062094fb07,Coin,clanker,V4,42163244,1771115835,0xE85A59c628F7d27878ACeB4bf3b35733630083a9
0x0fefdb05802e66edae941f7b7915c3d78d092b07,madrespect,clanker,V4,42078648,1770946643,0xE85A59c628F7d27878ACeB4bf3b35733630083a9
0x674ac8adbd26af64aac270cecfc7ee5251557ab6,THE,clanker,V4,42248583,1771286513,0xE85A59c628F7d27878ACeB4bf3b35733630083a9
0x1fc7206dc6c82dd9974daa4de46cc87b75795573,FLUXNET,clanker,V4,42111781,1771012909,0xE85A59c628F7d27878ACeB4bf3b35733630083a9
0x57f69e9ce5931bf977baa9894e4b7c785490eb07,mayhem!,clanker,V4,42249098,1771287543,0xE85A59c628F7d27878ACeB4bf3b35733630083a9
0xa6305c00990fe90382954da09bad2235ef362b07,CASH,clanker,V4,41935389,1770660125,0xE85A59c628F7d27878ACeB4bf3b35733630083a9
0x0a8e688bbd754297bfcdf80f2121158e28cbcb07,BigClawWorld,clanker,V4,41911535,1770612417,0xE85A59c628F7d27878ACeB4bf3b35733630083a9
0xc853c5d5d854aab7d6579ff8ef20bf7ea51b2b07,BEASTBANK,clanker,V4,41935999,1770661345,0xE85A59c628F7d27878ACeB4bf3b35733630083a9
0x46f2cd5ba901746db47b9e6072e64613ea45fb07,TEMPO,clanker,V4,41974083,1770737513,0xE85A59c628F7d27878ACeB4bf3b35733630083a9
0x06cff4e0c3cbf622e14f5a2879e2818415442b07,FROSTBLOOD,clanker,V4,42267918,1771325183,0xE85A59c628F7d27878ACeB4bf3b35733630083a9
0x91b368ee85062f5a68ccca95645820ec80b8fec3,RENEMEMLIGHTAI,clanker,V4,41959113,1770707573,0xE85A59c628F7d27878ACeB4bf3b35733630083a9
0xf512077db777037a4460998841cd66a703839b07,Psyoptines,clanker,V4,42140983,1771071313,0xE85A59c628F7d27878ACeB4bf3b35733630083a9
0xb6a0b6873356195d77c923c91e5b46d5717c9b07,CREDIBLYNEUTRAL,clanker,V4,41931526,1770652399,0xE85A59c628F7d27878ACeB4bf3b35733630083a9
0x6a1b5bda93e306f5e13ea6695b7ef911a193a4a7,LOBSTERMINEAI,clanker,V4,41905465,1770600277,0xE85A59c628F7d27878ACeB4bf3b35733630083a9
0xb79a5168ac6b5eace6a5703b2e354a697cb5eb07,blackpearl,clanker,V4,42147339,1771084025,0xE85A59c628F7d27878ACeB4bf3b35733630083a9
0x0188981eba26660ee2f5d94e2dc176d34b8c589a,GOJOYKRTAAI,clanker,V4,42009331,1770808009,0xE85A59c628F7d27878ACeB4bf3b35733630083a9
0x64176083a08ccfa2f0845e1866447bc0c00f5b07,SHADOW,clanker,V4,41947540,1770684427,0xE85A59c628F7d27878ACeB4bf3b35733630083a9
0x400a0a405d050bbdb4f534cfd3d75065e8943b07,LOVEU,clanker,V4,42122415,1771034177,0xE85A59c628F7d27878ACeB4bf3b35733630083a9
0x59ddc10b6f5ca25348e2cb4015e6345964023921,MOLTAGENTDEDEEX,clanker,V4,41902322,1770593991,0xE85A59c628F7d27878ACeB4bf3b35733630083a9
0xdb21c4d848bca2af50a8814ad530477f0cabeb07,AGENTADAWNAI,clanker,V4,41901571,1770592489,0xE85A59c628F7d27878ACeB4bf3b35733630083a9
0x27e9a23bf9896aea1d5ee04d3815ac9eb5be9b07,BLACKPINK,clanker,V4,41889722,1770568791,0xE85A59c628F7d27878ACeB4bf3b35733630083a9
0xe5b22e133bbfaebefe2e1f175eff1b44f8323b07,RUBYCLAW,clanker,V4,41969549,1770728445,0xE85A59c628F7d27878ACeB4bf3b35733630083a9
0x3f5f97a07a6661b893a139b79b76d14e91a99b07,auradebt,clanker,V4,42223024,1771235395,0xE85A59c628F7d27878ACeB4bf3b35733630083a9
0xc115aeb00a3619d960f5b7195daba124ef72cb07,LUCIAN,clanker,V4,42013493,1770816333,0xE85A59c628F7d27878ACeB4bf3b35733630083a9
0xc02b337b72f2af1a41f9f384d5f067292d5e8b07,joinENS,clanker,V4,41941641,1770672629,0xE85A59c628F7d27878ACeB4bf3b35733630083a9
0x16d12c7d1ff4fcb4a0f30c634219cf2e09c81b07,Clawfund,clanker,V4,41896738,1770582823,0xE85A59c628F7d27878ACeB4bf3b35733630083a9
0x188d064b88abde5a8f2d3d93e5a16bf1b48ebb07,PUNTERMARKAI,clanker,V4,42158448,1771106243,0xE85A59c628F7d27878ACeB4bf3b35733630083a9
0x2511b45cd22d356354a68c40821855604cdccb07,BB,clanker,V4,41883735,1770556817,0xE85A59c628F7d27878ACeB4bf3b35733630083a9
0xba6e94ab973a055924f30571a7c9d9d437c8cb07,AiSzn,clanker,V4,41919988,1770629323,0xE85A59c628F7d27878ACeB4bf3b35733630083a9
0x1fcc0ac02fca1aff8d4dafa048ca14078d835b07,LongXia-No1,clanker,V4,41932344,1770654035,0xE85A59c628F7d27878ACeB4bf3b35733630083a9
0x83063ad18378cdae1218b8ff35d1c2bfd949eb07,XF7,clanker,V4,42060864,1770911075,0xE85A59c628F7d27878ACeB4bf3b35733630083a9
0x9ec9d2ab085c4681aa31039f28466a11b74a9b07,agenAZ7,clanker,V4,41930868,1770651083,0xE85A59c628F7d27878ACeB4bf3b35733630083a9
0xb7e899085b4add7822a580e630447ceab63bbb07,bankrbot,clanker,V4,42034309,1770857965,0xE85A59c628F7d27878ACeB4bf3b35733630083a9
0xe688e4e2d9e8bc76d0d73366a6c3cece1be7ab07,QUEENCLAW,clanker,V4,41976478,1770742303,0xE85A59c628F7d27878ACeB4bf3b35733630083a9
0xeb40e35159e0b0e39c7e8a3ee30cea02eac59b07,MARS,clanker,V4,41925361,1770640069,0xE85A59c628F7d27878ACeB4bf3b35733630083a9
0x9cef5a9a8ad05b183999c1f6b6e2f8e45b521b07,CLAWBACKROOM,clanker,V4,42052691,1770894729,0xE85A59c628F7d27878ACeB4bf3b35733630083a9
0x3cbf9f89c076c1e266e3e84913154bffaec8ce71,ROUVENS,clanker,V4,41987630,1770764607,0xE85A59c628F7d27878ACeB4bf3b35733630083a9
0xa92aa53266b2d6bba3c432222647e167d340eb07,OBS,clanker,V4,42038085,1770865517,0xE85A59c628F7d27878ACeB4bf3b35733630083a9
0x15bc5ce06ace87ba9d6e1da15fa1d08348483b07,LUMEN,clanker,V4,41896361,1770582069,0xE85A59c628F7d27878ACeB4bf3b35733630083a9
0xf4c9d8bf707871939e5963ff63a46a5765884f6c,THEWATCHER,clanker,V4,42143582,1771076511,0xE85A59c628F7d27878ACeB4bf3b35733630083a9
0x71ad5cbed3e4b94f5cb4ee89baf543ddf8de4b07,GeoSpy,clanker,V4,41949668,1770688683,0xE85A59c628F7d27878ACeB4bf3b35733630083a9
0x6f8f8b0221f580881f7fe557f98c5eb12ade5b07,Everybooooooodyyyyyyyyyyyy,clanker,V4,41905248,1770599843,0xE85A59c628F7d27878ACeB4bf3b35733630083a9
0x8f252e0e611d841d6180b4f2a8cee92a156e09f4,XIAOFA,clanker,V4,42006201,1770801749,0xE85A59c628F7d27878ACeB4bf3b35733630083a9
0xb059434177d0e120b4c16d60cfb1eb25a7defb07,Spok,clanker,V4,42200842,1771191031,0xE85A59c628F7d27878ACeB4bf3b35733630083a9
0x82a23e5b7f28d22d01a16080963639792e6e9b07,DOG,clanker,V4,42110317,1771009981,0xE85A59c628F7d27878ACeB4bf3b35733630083a9
0x825eefaf1b0e480ff772983e418652ae20442b07,SPEEDCOIN,clanker,V4,42458603,1771706553,0xE85A59c628F7d27878ACeB4bf3b35733630083a9
0x7fb9b2a7a46b4b1cf7c9a65710f45cbcf2892b07,USDT,clanker,V4,44651678,1776092703,0xE85A59c628F7d27878ACeB4bf3b35733630083a9
0x12478f031c7a08b151aa919fc95daae680232b07,Noethea,clanker,V4,44920576,1776630499,0xE85A59c628F7d27878ACeB4bf3b35733630083a9
0x5b2d93ff43639e815c8b91214a4a251517337b07,DOTO,clanker,V4,44387493,1775564333,0xE85A59c628F7d27878ACeB4bf3b35733630083a9
0x4228108fcf3e85532334acba2ed3a6b527719b07,delusional,clanker,V4,42456750,1771702847,0xE85A59c628F7d27878ACeB4bf3b35733630083a9
0xc1aaa6dddf53194d267a6d6d7a8b839124697b07,YOOO,clanker,V4,43278864,1773347075,0xE85A59c628F7d27878ACeB4bf3b35733630083a9
0xf96f7a7f1788add12171b486906fa566e5aa9b07,CLAWWATCH,clanker,V4,42445358,1771680063,0xE85A59c628F7d27878ACeB4bf3b35733630083a9
0xe68e9823c09da86207f7ccae8e7f05ab1830db07,Clawicloud,clanker,V4,42536773,1771862893,0xE85A59c628F7d27878ACeB4bf3b35733630083a9
0x022ba0893755deaa1b956a1136f891edbb228b07,FOUNDRY,clanker,V4,42589318,1771967983,0xE85A59c628F7d27878ACeB4bf3b35733630083a9
0xe7ceaf566395b6ed7902896c2d5a09d969507b07,FREEDOM,clanker,V4,42927027,1772643401,0xE85A59c628F7d27878ACeB4bf3b35733630083a9
0x2ded3a7f4d2ffc17104940b415197aad09a28b07,Jock,clanker,V4,42322102,1771433551,0xE85A59c628F7d27878ACeB4bf3b35733630083a9
0x7e6f05e2154e7431f634f8b46b9767f9b42edb07,YALP,clanker,V4,42516386,1771822119,0xE85A59c628F7d27878ACeB4bf3b35733630083a9
0x72639fe0d99474e38771fcc360fce1a9cde45b07,XVM,clanker,V4,43613219,1774015785,0xE85A59c628F7d27878ACeB4bf3b35733630083a9
0xce431e01530a7df3c90634f72d8d3534f44b5b07,zaza,clanker,V4,43184474,1773158295,0xE85A59c628F7d27878ACeB4bf3b35733630083a9
0x7cf17c3b6ffc260aeacf6f8ad42a449d95c68b07,Alien,clanker,V4,42455242,1771699831,0xE85A59c628F7d27878ACeB4bf3b35733630083a9
0x5c26cd349d998814121252d2e26d0d210720ab07,Aurora,clanker,V4,42332060,1771453467,0xE85A59c628F7d27878ACeB4bf3b35733630083a9
0xdf164d1aecae6e8e1707f5248e10d2b95aaadb07,CLAWVER,clanker,V4,42400540,1771590427,0xE85A59c628F7d27878ACeB4bf3b35733630083a9
0x2a36c8b4305de9ae195b792538b4a367a399f908,DEBOTT,clanker,V4,42795544,1772380435,0xE85A59c628F7d27878ACeB4bf3b35733630083a9
0xaf0321135a136488fc85aa44eabeff3f1da1fb07,Oilcoin,clanker,V4,42810356,1772410059,0xE85A59c628F7d27878ACeB4bf3b35733630083a9
0xdbab969d4ec99aa87d8a0bff5e56bca4ba254b07,PIXELPUN,clanker,V4,42893751,1772576849,0xE85A59c628F7d27878ACeB4bf3b35733630083a9
0x7fe6249d7d7d7bb385229b93ed369535d9b18b07,FLAWCAST,clanker,V4,42741118,1772271583,0xE85A59c628F7d27878ACeB4bf3b35733630083a9
0x20e82c0cfbf643db51292415dd257f840a5bd275,Fenn,clanker,V4,42648911,1772087169,0xE85A59c628F7d27878ACeB4bf3b35733630083a9
0x60c53cde4e098ab79eb72b5b963c7fd77b671b07,ClawdScan,clanker,V4,42427367,1771644081,0xE85A59c628F7d27878ACeB4bf3b35733630083a9
0x4dd8368604f038b6a5ad8bf8ed6bc55ec5850637,TRUMPXX,clanker,V4,42346996,1771483339,0xE85A59c628F7d27878ACeB4bf3b35733630083a9
0x9c7cf7baf2fdd9bc5ce691afb7f96c043e757b07,SILTI,clanker,V4,42437140,1771663627,0xE85A59c628F7d27878ACeB4bf3b35733630083a9
0xf9fe498768480d4b616700dd75aa956ceaec5b07,LUNA,clanker,V4,43004305,1772797957,0xE85A59c628F7d27878ACeB4bf3b35733630083a9
0x1511189287c0b14ad2ec9501595317772abf4606,Moonge,clanker,V4,42617332,1772024011,0xE85A59c628F7d27878ACeB4bf3b35733630083a9
0x8f105317d7cadc9a619b5ecc3d9fe8d1eb0f3b07,attack,clanker,V4,42436250,1771661847,0xE85A59c628F7d27878ACeB4bf3b35733630083a9
0x56a06d523c0d48ea14648468fe65d5dd3f841b07,Conjunct,clanker,V4,42395580,1771580507,0xE85A59c628F7d27878ACeB4bf3b35733630083a9
0x6433f5c50d10bf6076f769e4a35d3d458602db07,CN,clanker,V4,42455611,1771700569,0xE85A59c628F7d27878ACeB4bf3b35733630083a9
0x50283d0f15816fb92f4fd8f94cc4808df1c69b07,TAI,clanker,V4,44819691,1776428729,0xE85A59c628F7d27878ACeB4bf3b35733630083a9
0xb5c892497af39cc86f3668237f65aa5086684b07,Pigeon,clanker,V4,42762270,1772313887,0xE85A59c628F7d27878ACeB4bf3b35733630083a9
0x8d1765ef23d43062a0ff8c1fc3fbbaa8c2da2b07,OilPEPE,clanker,V4,43110745,1773010837,0xE85A59c628F7d27878ACeB4bf3b35733630083a9
0x1ababf5a2e5832036c28821a0d4dacd12b57ab07,Muskon,clanker,V4,43052165,1772893677,0xE85A59c628F7d27878ACeB4bf3b35733630083a9
0xa83e1a7aa396006a1f4460aadacea43b3cac3b07,TEC67,clanker,V4,42560062,1771909471,0xE85A59c628F7d27878ACeB4bf3b35733630083a9
0x590cc1375566fb08b4bd1dd1623fcb4c87612b07,UBB,clanker,V4,42378467,1771546281,0xE85A59c628F7d27878ACeB4bf3b35733630083a9
0x1c76b4004e34323c748da92cc2c10986b7a3eb07,FARTPENGU,clanker,V4,42448924,1771687195,0xE85A59c628F7d27878ACeB4bf3b35733630083a9
0xb95a687345cb7c42f2ad8a7124a6fad65d84fd26,gorkisback,clanker,V4,42626842,1772043031,0xE85A59c628F7d27878ACeB4bf3b35733630083a9
0x825a1d570f0696022e44920c75452226781f5ea7,GP,clanker,V4,42777167,1772343681,0xE85A59c628F7d27878ACeB4bf3b35733630083a9
0x17addfdca7d18f32b70b8ed49a46b97815105b07,eudaemon_0,clanker,V4,42799165,1772387677,0xE85A59c628F7d27878ACeB4bf3b35733630083a9
0x670762685882f51bf4d36b9f064d5fe6c33c6b07,BTC.XYZ,clanker,V4,44972078,1776733503,0xE85A59c628F7d27878ACeB4bf3b35733630083a9
0xf589ca90e090bde341c7ec7a3b493afbfc61e7d6,LIVINGCONSTRUCT,clanker,V4,42634146,1772057639,0xE85A59c628F7d27878ACeB4bf3b35733630083a9
0x9c66585147dc4a83168cf9ec7d1813e729a7084a,AMALGAM,clanker,V4,42677847,1772145041,0xE85A59c628F7d27878ACeB4bf3b35733630083a9
0xa8ac5e402071da42f43fd6cc8aa89e3c9ac8ab07,LNCR Bot,clanker,V4,42710223,1772209793,0xE85A59c628F7d27878ACeB4bf3b35733630083a9
0x825423580422f9371a6addad773382e5f5a7bb07,THRAG,clanker,V4,42367179,1771523705,0xE85A59c628F7d27878ACeB4bf3b35733630083a9
0x014b854b060574f474638cc8443913538183ef18,NOELCLAW,clanker,V4,44653815,1776096977,0xE85A59c628F7d27878ACeB4bf3b35733630083a9
0x92a45892961f5971d7dfa5947ad5e38672572448,Blum,clanker,V4,42601059,1771991465,0xE85A59c628F7d27878ACeB4bf3b35733630083a9
0x760e306fa49e5e0ce5a1634e13eca1a2ddfbab07,Benny,clanker,V4,42330099,1771449545,0xE85A59c628F7d27878ACeB4bf3b35733630083a9
0xbf3cb19e0c9903aacf50d612270cd106c1f96b07,Don't Die,clanker,V4,42420436,1771630219,0xE85A59c628F7d27878ACeB4bf3b35733630083a9
0x74cbd9b82063cc499d6a05e38e9051e371695b07,ELLA,clanker,V4,42403449,1771596245,0xE85A59c628F7d27878ACeB4bf3b35733630083a9
0x94866a94e31494f09ffbcea5ba45e9c2dc44a1c7,Ali,clanker,V4,42763110,1772315567,0xE85A59c628F7d27878ACeB4bf3b35733630083a9
0x450e5a7c999616e409991690b2403fe46c48989a,GROYPER,clanker,V4,42651169,1772091685,0xE85A59c628F7d27878ACeB4bf3b35733630083a9
0xe8bd23d3686aa59df00d0110b58f649433042b07,Alysa,clanker,V4,42438436,1771666219,0xE85A59c628F7d27878ACeB4bf3b35733630083a9
0x20a35d7b41e11bb935cac073a712df9b218b722b,x402,clanker,V4,42829011,1772447369,0xE85A59c628F7d27878ACeB4bf3b35733630083a9
0xe7dc65dea349a1e18d832283ae9367f38d37eb07,LVL99,clanker,V4,43250432,1773290211,0xE85A59c628F7d27878ACeB4bf3b35733630083a9
0xdb0715a21dcf8b565ef81a2be2ffa7b4b7fd4b07,Punch,clanker,V4,42444425,1771678197,0xE85A59c628F7d27878ACeB4bf3b35733630083a9
0xdaa39cc38a9412503ea493a2065bec0d005fab07,CORNER,clanker,V4,42640262,1772069871,0xE85A59c628F7d27878ACeB4bf3b35733630083a9
0xe608f897e2132682b0b7e2236fce5541249eeb07,BULVE,clanker,V4,42448852,1771687051,0xE85A59c628F7d27878ACeB4bf3b35733630083a9
0x3229b66e66b1715f2c751712380703293acc4b07,ACT,clanker,V4,44980080,1776749507,0xE85A59c628F7d27878ACeB4bf3b35733630083a9
0xc0133b8a02ec8aa19979eecfd0e1be146cd3bb07,TST,clanker,V4,42346856,1771483059,0xE85A59c628F7d27878ACeB4bf3b35733630083a9
0x04a3bba6a0d61be4d292b71153bf258803b67b07,MILO,clanker,V4,42447219,1771683785,0xE85A59c628F7d27878ACeB4bf3b35733630083a9
0xc8f1ba06b128bd0facfcfe88eec19bd42f1beb07,ORACLE,clanker,V4,42420391,1771630129,0xE85A59c628F7d27878ACeB4bf3b35733630083a9
0x16012d6b7f4bf25ed4ccf0be57500e4304ff9b07,pump,clanker,V4,42995455,1772780257,0xE85A59c628F7d27878ACeB4bf3b35733630083a9
0x6de625f3e19428b21db8bda661185c1a50f4ab07,HORMUZ,clanker,V4,43752420,1774294187,0xE85A59c628F7d27878ACeB4bf3b35733630083a9
0x8a561d8041e0b068d798114c2c7eebf426d85b07,0xEE,clanker,V4,42415755,1771620857,0xE85A59c628F7d27878ACeB4bf3b35733630083a9
0xbd60683fe5d93616ae942af314cbb92d3dec5b07,TOTOS,clanker,V4,42358123,1771505593,0xE85A59c628F7d27878ACeB4bf3b35733630083a9
0x4aa90df644f420c2fa2fe2884022d6d4f353ab07,DREAM,clanker,V4,43125149,1773039645,0xE85A59c628F7d27878ACeB4bf3b35733630083a9
0xcfba4f13e720053ac4a688a67a84e47d525bab07,Berry,clanker,V4,42297283,1771383913,0xE85A59c628F7d27878ACeB4bf3b35733630083a9
0xf8fb290e74c7295230f3108fe6db1308ed697b07,justinayoung64,clanker,V4,43520676,1773830699,0xE85A59c628F7d27878ACeB4bf3b35733630083a9
0xf13f3236d36bdf3cd6dc00c914e6b4943e2b8b07,EXO,clanker,V4,42410379,1771610105,0xE85A59c628F7d27878ACeB4bf3b35733630083a9
0xe2c1767b7ce6c2071ae53868f8706e7068aa9b07,Peace ,clanker,V4,42782562,1772354471,0xE85A59c628F7d27878ACeB4bf3b35733630083a9
0xa514bc9d594f460e6686b821911e1524eaf19b07,SWEET2KP,clanker,V4,42904011,1772597369,0xE85A59c628F7d27878ACeB4bf3b35733630083a9
0xaaa2ba9bf651e8c6d66a88c8e5f136bfb8ad8b07,clawdx402,clanker,V4,43185945,1773161237,0xE85A59c628F7d27878ACeB4bf3b35733630083a9
0x1fb5df70b92d907d2eb6bc8cbb9c984a2241fb07,CLAWFM,clanker,V4,42320493,1771430333,0xE85A59c628F7d27878ACeB4bf3b35733630083a9
0x6896ab80533bf35d1f409da6327d1ad2a6e8041b,JermaineO'NealJr.-SMUMustangs,clanker,V4,43531268,1773851883,0xE85A59c628F7d27878ACeB4bf3b35733630083a9
0x2a62cd993e83e029bc25abf0c220f9695058bb07,LobsHouse,clanker,V4,42434371,1771658089,0xE85A59c628F7d27878ACeB4bf3b35733630083a9
0x2cd3acd00da7122d0bd840c4dc2eadf9cd5b4b07,KiloClaw,clanker,V4,42641988,1772073323,0xE85A59c628F7d27878ACeB4bf3b35733630083a9
0x1e662a16a33535f5cf0518dfb92bff0597911b07,Sovereign,clanker,V4,43292565,1773374477,0xE85A59c628F7d27878ACeB4bf3b35733630083a9
0xc6c4c7f56e5b5145a4889ffb9051f6e4d253fb07,SPACEJAM ,clanker,V4,42454588,1771698523,0xE85A59c628F7d27878ACeB4bf3b35733630083a9
0x50e35c7db16613ba24581b771a66076f309edb07,MIP014,clanker,V4,43581982,1773953311,0xE85A59c628F7d27878ACeB4bf3b35733630083a9
0xe1c071d42938ca49ce94001d3b3e0ea323a7dece,DANAX,clanker,V4,42397667,1771584681,0xE85A59c628F7d27878ACeB4bf3b35733630083a9
0x02cb2aa02b4cff30222d20d4348d9858a08e6b07,Sparko,clanker,V4,42409149,1771607645,0xE85A59c628F7d27878ACeB4bf3b35733630083a9
0x404ddfd5f7d5a349f3efe6a6f80a1b9f597dcb07,Voxel,clanker,V4,42344947,1771479241,0xE85A59c628F7d27878ACeB4bf3b35733630083a9
