token_address,ticker,chain,platform,launch_ts,t_window_hours,total_buy_volume_eth,total_buy_volume_eth_decayed,unique_buyers,buyer_volumes_eth_json,lp_depth_eth,lp_removed_24h_eth,early_holders_count,early_holders_still_holding,hp_delta_recent,holder_count,holder_balances_json,outcome_30d_holder_retention,outcome_30d_price_floor,outcome_30d_volume_slope,outcome_30d_composite,outcome_60d_holder_retention,outcome_60d_price_floor,outcome_60d_volume_slope,outcome_60d_composite,outcome_90d_holder_retention,outcome_90d_price_floor,outcome_90d_volume_slope,outcome_90d_composite,survived_to_day_7,holders_at_168h,lp_depth_168h_eth,vol_24h_at_168h_eth,hp_trajectory_json,name,creator_address,notes
0x52478d27a608ced89b6d4148306a612ea8198a6d,SUBSTR,base,clanker,1770046615,96,0.33713,0.046102,4,"[0.291708, 0.028743, 0.011789, 0.004891]",9.911323,0,3,2,-0.004,2,"[7010630004390763551689957, 7777351109655572577932]",1,1,0,0,1,1,0,0,0,0,0,0,0,2,9.911323,0.0,"[2.576788, 2.503451, 2.487015, 2.477046]",SUBSTR,0xfc426dfeae55dae2f936a592450c9ecea87a5736,
0xa66b6c665ac97930849649305344b2b3dc237adb,Herbert,base,clanker,1771703045,96,2.821625,0.382161,3,"[2.794745, 0.024462, 0.002417]",1.764074,0,2,2,-0.0764,2,"[29799088882395070704418936, 301000897801970411155746]",1,1,0,0,1,1,0,0,0,0,0,0,0,2,1.764074,0.0,"[1.44272, 1.218085, 1.081837, 0.999198]",Herbert,0xfc19ef2a55a553f4d1caca56125188fce42001cb,
0xd4a8daec443f1e80eaf8ca2146da90bd80a2ab07,NIGGAMOLT,base,clanker,1770192597,96,3.109283,0.421271,5,"[1.87815, 0.613023, 0.583499, 0.022604, 0.012006]",9.91079,0,3,3,-0.0314,3,"[1063475516122325697891676, 44217625734092682036726, 23697863438991130441077]",1,1,0,0,1,1,0,0,0,0,0,0,0,3,9.91079,0.0,"[3.536717, 3.289133, 3.138966, 3.040489]",NIGGAMOLT,0xb858b48fc86a991fb49f818669c9dbdda9e153ad,
0x73a239f98938e6d9e41aa8bae43036978b324b74,MyBot,base,clanker,1776175831,96,0.001331,0.000181,1,[0.001331],9.91073,0,2,2,-0.0,2,"[1460560407162684452913463, 14620224295922767296431]",0,0,0,0,0,0,0,0,0,0,0,0,0,2,9.91073,0.0,"[2.375641, 2.375535, 2.37547, 2.375431]",MyBot,0x14e7dadc2d9bda2b4625e6d28c0e6ee9f1f262f7,
0xdc1432df21aa0a8e16b0dcb34a3269f5e95b6b07,TMOLT,base,clanker,1770071801,96,10.931071,1.511789,7,"[5.613444, 4.246878, 0.453225, 0.287125, 0.18748, 0.11446, 0.028459]",9.988187,0,4,3,-0.0765,3,"[703594854085779987166938622, 468339156800200485217480, 4730698553537378638560]",1,1,0,0,1,1,0,0,0,0,0,0,0,3,9.988187,0.0,"[5.617758, 4.810958, 4.271975, 3.945065]",TMOLT,0xee6068a820bea8a2b437462f0302cc609f49bf2e,
0x2a347a13e1cbffc69d769c7031265b94d8cedb07,BLAW,base,clanker,1770038515,96,2.554437,0.34585,4,"[2.520717, 0.015386, 0.009786, 0.008549]",9.938544,0,2,2,-0.0259,2,"[124703223899074202180953902, 1583829570678868100319324]",1,1,0,0,1,1,0,0,0,0,0,0,0,2,9.938544,0.0,"[3.209381, 3.00609, 2.882788, 2.808001]",BLAW,0xcc4e5845e92ead0aea82cd9280dc235a42eebc3a,
0x25bb12dccee84b7be03085bcef1ffb139f6521be,OCTOBASE,base,clanker,1770038567,96,3.664668,0.496759,7,"[1.847909, 1.558189, 0.119937, 0.066534, 0.064977, 0.007097, 2.4e-05]",9.918556,0,5,5,-0.0331,5,"[64137329284285461173927815, 10671486378223568378197829, 4223225787833358168922174, 1123440004566557867900181, 573169764232665438427971]",1,1,0,0,1,1,0,0,0,0,0,0,0,5,9.918556,0.0,"[3.71073, 3.418734, 3.241629, 3.13421]",OCTOBASE,0xfc426dfeae55dae2f936a592450c9ecea87a5736,
0x398cf2d0ceb2c6a0ca45d9fe777ae98bc392fb07,RP,base,clanker,1770059961,96,0.077629,0.017599,3,"[0.068924, 0.008429, 0.000275]",9.9196,0,4,3,-0.008,3,"[4224815759067907205276069, 999353672958609131211230, 870456367346994375186958]",1,1,0,0,1,1,0,0,0,0,0,0,0,3,9.9196,0.0,"[2.432931, 2.427417, 2.424072, 2.404754]",RP,0x376bec80bfa2896c968d00e3e71c80be1fc9c5b8,
0x50e3d9da404fb966bd6a6dcc78cc7796df4a5b07,PZERO,base,clanker,1770322835,96,0.11719,0.015947,2,"[0.116046, 0.001144]",7.950195,0,1,1,-0.0017,1,[6164271272083105305550829],1,1,0,0,1,1,0,0,0,0,0,0,0,1,7.950195,0.0,"[2.019613, 2.010239, 2.004553, 2.001105]",PZERO,0x613a35f626d104b46d78cc2d22dee465a07bbed3,
0xe2f88108a749205cced87574027505f2b96adb07,CGROK,base,clanker,1772055573,96,0.397495,0.057863,3,"[0.38921, 0.006328, 0.001956]",9.91444,0,1,1,-0.005,1,[38766949324552896740399439],1,1,0,0,1,1,0,0,0,0,0,0,0,1,9.91444,0.0,"[2.580925, 2.546913, 2.526283, 2.513771]",CGROK,0x0ef8e6bc210d16749495345283b9c7fee7cfdaa0,
0x4bb9f7ad65668afadcab98d6d2f7567c6b1bfb07,Mogra,base,clanker,1770478011,96,0.281684,0.038365,3,"[0.278961, 0.001619, 0.001105]",9.911725,0,2,1,-0.0034,2,"[108364091022108636453425, 76858506414397221273960]",1,1,0,0,1,1,0,0,0,0,0,0,0,2,9.911725,0.0,"[2.523492, 2.512326, 2.415315, 2.407018]",Mogra,0xbb1dec59f004aab3029bbfd14dc532a4a6667539,
0x0bc89df88b9844698bcdf28357a3fc87fdac4b07,HEART,base,clanker,1771974295,96,0.701097,0.095374,3,"[0.678292, 0.011616, 0.01119]",9.910791,0,1,1,-0.0079,1,[1479755461306558115609502],1,1,0,0,1,1,0,0,0,0,0,0,0,1,9.910791,0.0,"[2.684401, 2.62834, 2.594337, 2.573713]",HEART,0x1eef7961715e8ac654502fe201fd1cd4ed6b1d2b,
0xfdecaf307c70a3a6a62f21c9fd0a881d3e6b3b07,antOracle_v1,base,clanker,1770092065,96,0.024684,0.003342,3,"[0.013696, 0.010009, 0.000979]",1.765064,0,1,1,-0.0012,1,[127498965676129734667958],1,1,0,0,1,1,0,0,0,0,0,0,0,1,1.765064,0.0,"[0.60529, 0.603326, 0.602134, 0.601411]",antOracle_v1,0x75525106825915ef4e5e2583c9c7559eaf5a3e5a,
0x189346e88b96d46bf73df760f807fb2c35a6d4b9,RIPS,base,clanker,1770053065,96,0.004835,0.000674,1,[0.004835],9.91063,0,0,0,-0.0001,0,[],0,1,0,0,0,1,0,0,0,0,0,0,0,0,9.91063,0.0,"[2.214957, 2.214561, 2.214321, 2.214175]",RIPS,0xdb969e81f2139d3aae6a57f7d17853fe20aa911d,
0xbffe0f1bb6c92c0ef0158fda7daca1df0bceeb07,MOLTTOK,base,clanker,1770146257,96,0.155759,0.028593,1,[0.155759],1.765517,0,0,0,-0.013,0,[],0,1,0,0,0,1,0,0,0,0,0,0,0,0,1.765517,0.0,"[0.500829, 0.484022, 0.473828, 0.467645]",MOLTTOK,0x47e80561f8d0610f521baafaa722f15bdf2cd73c,
0xa11b87d33174dbd7762425c19b93f3bd8b5a343e,next meta,base,clanker,1770658909,96,5.711226,0.775459,3,"[5.660973, 0.043786, 0.006467]",1.955167,0,1,1,-0.1139,1,[141297261967822913480999],1,1,0,0,1,1,0,0,0,0,0,0,0,1,1.955167,0.0,"[2.204429, 1.748612, 1.472145, 1.30446]",next meta,0x9bb64bc2082f0b5ad9cfc01c2b645d00e281f078,
0xf0b1bf884d0aac9b482e674047aa55a202eb2b07,kelvinaie,base,clanker,1770152343,96,3.204278,0.433884,5,"[1.721551, 0.924535, 0.545141, 0.012442, 0.00061]",9.926296,0,2,2,-0.0299,2,"[152063448809067683400889258, 662417222790238081198367]",1,1,0,0,1,1,0,0,0,0,0,0,0,2,9.926296,0.0,"[3.545489, 3.290451, 3.135763, 3.04194]",kelvinaie,0x121b1262d61b009456cc1dec1918f2699c0b0b3f,
0x2f59014dac82992a516fc8c1d56e6c5d37f21b07,ClawAnakin,base,clanker,1770229867,96,0.182467,0.08468,3,"[0.181214, 0.00072, 0.000533]",9.921257,0,3,2,-0.0075,4,"[95444083033519293533485279, 5472845062189135449069679, 1641441231342826725512163, 8176561347892134000000]",1,1,0,0,1,1,0,0,0,0,0,0,0,4,9.920721,0.0,"[2.413043, 2.473005, 2.443334, 2.425023]",ClawAnakin,0xc4c4f409678dcb782404ab966b310a0a76a2041a,
0x16edf9e55d0e6749d99717c35d488524d68cbb07,minara ai,base,clanker,1770215397,96,1.978508,0.267922,3,"[1.961681, 0.016004, 0.000823]",1.76497,0,1,1,-0.06,1,[33213236723059210669518],1,1,0,0,1,1,0,0,0,0,0,0,0,1,1.76497,0.0,"[1.218429, 1.060944, 0.965424, 0.907488]",minara ai,0x6ffb4cc9f885d894e84bca3f5f9d9856785190fe,
0xd4519bdaa05c9b40cbe08fd46142f12b40eab453,Milady,base,clanker,1770073169,96,0.374073,0.050645,1,[0.374073],9.929518,0,0,0,-0.0047,0,[],0,1,0,0,0,1,0,0,0,0,0,0,0,0,9.929518,0.0,"[2.384153, 2.354384, 2.336328, 2.325377]",Milady,0x2064dd202527920dd7e73b0b70029e151aab79bf,
0x55f7fec4d0daec43ee314cf5b5d890250a133b07,IPIN,base,clanker,1771401805,96,0.009684,0.001313,1,[0.009684],4.915879,0,0,0,-0.0003,0,[],0,1,0,0,0,1,0,0,0,0,0,0,0,0,4.915879,0.0,"[1.11078, 1.110008, 1.10954, 1.109256]",IPIN,0x5c32b88d40912b789a63b5614b6ba2eddef8c2bd,
0x1e0213e362ee705afd9993837b84f233820e6b07,anonymous,base,clanker,1770393739,96,3.892664,0.527273,5,"[3.841631, 0.034088, 0.007721, 0.005371, 0.003852]",1.769552,0,1,1,-0.0916,1,[553441112066486364576541],1,1,0,0,1,1,0,0,0,0,0,0,0,1,1.769552,0.0,"[1.742235, 1.432303, 1.244319, 1.130302]",anonymous,0x86a9840318698e27809056ebde5d42dd9ad570a8,
0xdd71d4a8c86a86a62bc6c69437a771ca10b1eb07,ClawFace,base,clanker,1772050889,96,0.078959,0.010698,2,"[0.07821, 0.000749]",1.764155,0,1,1,-0.0038,1,[1755724093610643584324158],1,1,0,0,1,1,0,0,0,0,0,0,0,1,1.764155,0.0,"[0.625853, 0.619564, 0.615751, 0.613437]",ClawFace,0x38fba9e0e06609fcb34c1a521c716bde354a16b4,
0xdfc27a43ef68fb10281e354bea10cf82ebbe13ff,WORLD,base,clanker,1770768141,96,7.373672,0.99905,4,"[7.243451, 0.067758, 0.061105, 0.001358]",1.764082,0,0,0,-0.1459,0,[],0,1,0,0,0,1,0,0,0,0,0,0,0,0,1.764082,0.0,"[2.423782, 1.836538, 1.480356, 1.264321]",WORLD,0xbbdef7383cd17a13c3fff3b0ff7086c368c425ad,
0xf5cd7c23df78609f47f84b25e235a50fd5da9872,SIMPLECLAW,base,clanker,1770229813,96,0.099396,0.013461,2,"[0.097824, 0.001572]",9.911575,0,1,1,-0.0012,1,[157684095326043876716306],1,1,0,0,1,1,0,0,0,0,0,0,0,1,9.911575,0.0,"[2.448085, 2.440172, 2.435373, 2.432462]",SIMPLECLAW,0xf363e3ba4db05cdebf41e806604bd705b9ca7304,
0x0ee29ad474f3255a13e0fb81da21f2a143ddcb07,BaseBatch,base,clanker,1773091577,96,0.258414,0.035114,4,"[0.213289, 0.033232, 0.009543, 0.002349]",1.76415,0,0,0,-0.014,0,[],0,1,0,0,0,0,0,0,0,0,0,0,0,0,1.76415,0.0,"[0.576205, 0.555564, 0.543046, 0.535453]",BaseBatch,0x72b340c0e7453f61287270bbd355d2ce1c4cb7d9,
0xb968bd206d962e3dbea1829d1a8a48acb00e1b07,Clawverse,base,clanker,1770653491,96,0.187612,0.0254,1,[0.187612],1.769303,0,0,0,-0.0115,0,[],0,1,0,0,0,1,0,0,0,0,0,0,0,0,1.769303,0.0,"[0.503314, 0.488383, 0.479328, 0.473835]",Clawverse,0xb923b8275f4ae65a280836211732dc961c414196,
0x66fc3cc134a0337af3ad3ed44a0249215970787f,We Win Toget,base,clanker,1770771825,96,1.731595,0.234397,4,"[1.714818, 0.015266, 0.001506, 5e-06]",1.764077,0,1,1,-0.0543,1,[493972925542033146497],1,1,0,0,1,1,0,0,0,0,0,0,0,1,1.764077,0.0,"[1.154525, 1.016746, 0.933179, 0.882492]",We Win Together,0xbd77a086c5ac1b2c0648455b93c85f3886b35bfe,
0x3d27f4552c564db5ccf254f3d582622a3aafdb07,K2,base,clanker,1770081665,96,0.981668,0.13296,1,[0.981668],1.770428,0,0,0,-0.0455,0,[],0,1,0,0,0,1,0,0,0,0,0,0,0,0,1.770428,0.0,"[0.757189, 0.679035, 0.631632, 0.602881]",K2,0x32f332fb2b755ee69d1beb29ed4ec3c7fd032d77,
0xe83b177d244daf80d5d4de90d24835b056679b07,Cracker,base,clanker,1770135975,96,1.560575,0.211284,3,"[1.546819, 0.011937, 0.001818]",1.766056,0,2,2,-0.0499,2,"[997313892235549992343604, 498615517534282521449036]",1,1,0,0,1,1,0,0,0,0,0,0,0,2,1.766056,0.0,"[1.114452, 0.990259, 0.914932, 0.869244]",Cracker,0xbd47070a9ddbf333b2c5202a5fc77517c5ea48b8,
0x8587cc464d1968aab8f56d41b5de111ab82e3b07,ID,base,clanker,1770014249,96,1.758954,0.238245,4,"[1.740321, 0.011504, 0.003707, 0.003423]",1.766271,0,0,0,-0.066,0,[],0,1,0,0,0,1,0,0,0,0,0,0,0,0,1.766271,0.0,"[1.006062, 0.866021, 0.781081, 0.729563]",ID,0x6684a58459d9b4e94835aeec9106d73c3a85e5ce,
0xea04ad67b195c7263bc7140fb02596c5a876cb07,x402check,base,clanker,1770223901,96,0.481795,0.065398,2,"[0.471617, 0.010178]",1.235162,0,2,2,-0.0232,2,"[30000000000000000000000000000, 971453145247601947584]",1,1,0,0,1,1,0,0,0,0,0,0,0,2,1.235162,0.0,"[0.670116, 0.631675, 0.60836, 0.594218]",x402check,0x7be2b4895d9c7c61d161eece3dfcddc6ebb7218d,
0x6caada97307cc1a2cda2436b6f4d9e469ec39b07,ClawdAI,base,clanker,1770276697,96,0.885266,0.119838,2,"[0.885246, 2e-05]",2.653294,0,0,0,-0.0319,0,[],0,1,0,0,0,1,0,0,0,0,0,0,0,0,2.653294,0.0,"[0.926196, 0.855755, 0.81303, 0.787116]",ClawdAI,0x9843efe316b77c265a4572cda69e25a5cd22b0f9,
0x2751201447e687bdd4f03385fb118f77160a3b07,AEGIS,base,clanker,1770471803,96,0.001934,0.000262,1,[0.001934],9.9106,0,0,0,-0.0,0,[],0,1,0,0,0,1,0,0,0,0,0,0,0,0,9.9106,0.0,"[2.210076, 2.209922, 2.209829, 2.209772]",AEGIS,0xe76d23dbd32e4a0fade248d13dff754ae2661bb6,
0x7c5d6bece5d6b35f6e67021a37a8432e73cefeab,ARDLY,base,clanker,1770667861,96,0.004212,0.000698,1,[0.004212],1.622998,0,3,3,-0.0003,3,"[7000000000000000000000000000, 1000000000000000000000000000, 93244009305466473682496]",1,1,0,0,1,1,0,0,0,0,0,0,0,3,1.622998,0.0,"[0.54217, 0.54176, 0.541512, 0.541361]",ARDLY,0x7fd8bf2e174f44df115e970edf6866e089c96256,
0xcbb1e4e93e983bfaf5f31bf732ed93dbc4ced5be,wwt,base,clanker,1770782849,96,6.436135,0.873715,5,"[6.357419, 0.059013, 0.013407, 0.005096, 0.0012]",1.765039,0,1,1,-0.1229,1,[95709260940800776667625],1,1,0,0,1,1,0,0,0,0,0,0,0,1,1.765039,0.0,"[2.361825, 1.848253, 1.536756, 1.347824]",wwt,0xd2179fe4063925285aa71743e68fb41160409731,
0x55e1e2a3e300bf02512d318c49bfb46623e1a4aa,PERPLEXITY,base,clanker,1770241773,96,0.006892,0.000933,1,[0.006892],9.911736,0,2,2,-0.0001,2,"[10992568176089852373754246, 704767702083092451994641]",1,1,0,0,1,1,0,0,0,0,0,0,0,2,9.911736,0.0,"[2.385954, 2.385406, 2.385073, 2.384872]",PERPLEXITY,0xfc426dfeae55dae2f936a592450c9ecea87a5736,
0x2527cd8e91f02854df4d36f4f68467c84dda0b07,CLAWNODE,base,clanker,1770654241,96,2.104832,0.284985,6,"[1.214943, 0.572795, 0.280201, 0.018679, 0.010032, 0.008182]",9.921507,0,2,2,-0.0207,2,"[7309277432114457358568449, 670879732243402630000000]",1,1,0,0,1,1,0,0,0,0,0,0,0,2,9.921507,0.0,"[3.251819, 3.084304, 2.982701, 2.921076]",CLAWNODE,0x61ae08c4b516612b4f3419e0a093ff65fbeba153,
0x8fb482e2a036338b13706bfafdf5cf8ec8ed9b07,ClawXMTP,base,clanker,1771953487,96,0.36514,0.049462,4,"[0.291515, 0.061012, 0.010163, 0.002451]",1.765267,0,0,0,-0.0186,0,[],0,1,0,0,0,1,0,0,0,0,0,0,0,0,1.765267,0.0,"[0.622379, 0.593306, 0.575671, 0.564976]",ClawXMTP,0x1a767bfb3a5d1d6b4df0c8626210eb6ba601e4b1,
0x8f1aa673992c6b78b98392cc6e8f4d80a8108b07,dYdZ,base,clanker,1770650549,96,3.282271,0.444656,5,"[3.172033, 0.044768, 0.03964, 0.021573, 0.004256]",1.768963,0,0,0,-0.0926,0,[],0,1,0,0,0,1,0,0,0,0,0,0,0,0,1.768963,0.0,"[1.45801, 1.19664, 1.038111, 0.941958]",dYdZ,0x96222aaf87950a29bc6181245b2d59db34adaee1,
0xd38475273c13ebc3cfe7d0988b3d171d60d26b07,PROXYRACK,base,clanker,1770870733,96,0.049493,0.006748,2,"[0.049017, 0.000476]",1.764169,0,0,0,-0.0033,0,[],0,1,0,0,0,1,0,0,0,0,0,0,0,0,1.764169,0.0,"[0.442654, 0.438688, 0.436282, 0.434823]",PROXYRACK,0xce2babd7c05e6293011589335cf69262457aca5c,
0x44a317a1954507bf98287d27aad1e59f43c73b07,polyclawai,base,clanker,1770044341,96,0.104731,0.014572,2,"[0.0953, 0.00943]",9.911732,0,2,2,-0.0013,2,"[9552023696843674999999999, 1061336631596327007057769]",1,1,0,0,1,1,0,0,0,0,0,0,0,2,9.911732,0.0,"[2.459714, 2.451365, 2.447313, 2.444162]",polyclawai,0xd895ea80b32bcac5ae791fafe89c824233298431,
0x7646c81ceee58c857387e378e1a26edfa4500b07,ORIONX,base,clanker,1776703089,96,0.056052,0.007676,3,"[0.054872, 0.001101, 8e-05]",1.764169,0,0,0,-0.0038,0,[],0,0,0,0,0,0,0,0,0,0,0,0,0,0,1.764169,0.0,"[0.449563, 0.445051, 0.442315, 0.440655]",ORIONX,0x06b7bebdbc615646d6ae851c105cc481a8c27192,
0x53a1dbcec7fcb70e8b3ad0248996dab0dc9e5b07,btcbot,base,clanker,1770976543,96,2.018795,0.273656,3,"[2.000183, 0.012674, 0.005938]",2.134283,0,0,0,-0.0663,0,[],0,1,0,0,0,1,0,0,0,0,0,0,0,0,2.134283,0.0,"[1.150418, 0.989562, 0.891998, 0.832823]",btcbot,0x0ccd6d22a92ae73adf7c32f629447b3ff0de6971,
0xc38cbf6e9c8cc33f826729d51ff0d5e076a8ab07,ZEN,base,clanker,1771931205,96,1.502007,0.203755,4,"[1.481803, 0.011182, 0.006537, 0.002484]",2.087238,0,2,2,-0.0447,2,"[5196628572577323066743217, 52491197702801243098416]",1,1,0,0,1,1,0,0,0,0,0,0,0,2,2.087238,0.0,"[1.177417, 1.057649, 0.985006, 0.940946]",ZEN,0x97971f8c141c31ae99a5e74ec229f314b3f4a821,
0x4d6760e018a05f9c59ebc0fabc92ec7fcced2b07,USELESS,base,clanker,1770827009,96,0.007946,0.001078,1,[0.007946],1.764317,0,0,0,-0.0006,0,[],0,1,0,0,0,1,0,0,0,0,0,0,0,0,1.764317,0.0,"[0.408537, 0.407904, 0.407519, 0.407286]",USELESS,0xf8079feac1bcba173faa868f23d33480cfc88c63,
0xa078383a44a22a310846096791d03ddd669edb07,MyClaw,base,clanker,1770555817,96,24.924679,3.439752,10,"[15.30974, 3.781709, 2.638673, 1.616317, 0.671737, 0.403769, 0.194014, 0.127097, 0.095972, 0.085651]",10.20743,0,12,10,-0.1161,10,"[952700225303061770793811806, 887982087798560756680528019, 53520515949211111633711776, 43315717532831050497372886, 29800464772334104603198443, 23279104203846434971076528, 2533738308246423682283346, 531105065105688549081467, 93401178508441060205802, 45977743597060330733015]",1,1,0,0,1,1,0,0,0,0,0,0,0,9,10.111949,0.0,"[9.425123, 7.424215, 6.220622, 5.498627]",MyClaw,0x73f2c80e4aff85b343b2908d7830efc43ae99980,
0x1155338c3d6774f82cde427e815a4757ad0c8b07,CrypTox,base,clanker,1770545293,96,0.012552,0.00179,3,"[0.009267, 0.003235, 5e-05]",6.937949,0,9,9,-0.0002,9,"[30000000000000000000000000000, 990925794396136811594909, 990897851951071133156499, 990869910687883904859297, 990841970606508474603535, 948781967478377397538539, 11078058164140660225033, 3443634437752728828970, 1143538313085545035872]",1,1,0,0,1,1,0,0,0,0,0,0,0,9,6.937949,0.0,"[1.737737, 1.736761, 1.736123, 1.735736]",CrypTox,0xe830e4b38826bfcb01fff9969fd12aba5076fb01,
0x882c1eecd1b516acdd0e30fca5a0151e26516afe,remilio,base,clanker,1770057651,96,0.009684,0.001311,1,[0.009684],9.910974,0,4,4,-0.0001,4,"[999418177236057019717330, 999398280549917365147059, 999378384457934672755324, 989962703398088317366200]",1,1,0,0,1,1,0,0,0,0,0,0,0,4,9.910974,0.0,"[2.404188, 2.403418, 2.402951, 2.402667]",remilio,0xf4cf4ea1b63154b58badb02ec2d75d75e40d69b9,
0x1d7ff6f895c0364acc3dff199a260e151388158a,SCOUT,base,clanker,1770204765,96,0.011718,0.001588,1,[0.011718],9.910699,0,1,1,-0.0001,1,[1197706751911971660762604],1,1,0,0,1,1,0,0,0,0,0,0,0,1,9.910699,0.0,"[2.389458, 2.388525, 2.387959, 2.387615]",SCOUT,0xfc426dfeae55dae2f936a592450c9ecea87a5736,
0x7410a15ff1ae18422578d5850bc07665fcd1eb07,BABYMONKEY,base,clanker,1771536641,96,0.0,0.0,0,[],0.0,0.0,0,0,0.0,0,[],0,0,0,0,0,0,0,0,0,0,0,0,0,0,0.0,0.0,[],BABYMONKEY,0xd0234f8e2ecbcd028346a7712d14170e13d35baa,no swaps in 90d;zero-activity
0x6eafa6394720bd68d3a8059286051db7d1ff3b70,ANU,base,clanker,1770371735,96,0.0,0.0,0,[],1.764171,0,1,1,0.0,1,[1000893200427480051904971],1,1,0,0,1,1,0,0,0,0,0,0,0,1,1.764171,0.0,"[0.558705, 0.558705, 0.558705, 0.558705]",ANU,0x5b1a07edafe63d527fd5ae62ca0e3087e89528d8,zero-activity
0x5c9c92b05b11b938614005bf400a563242ef5b07,SERIKAI,base,clanker,1770589613,96,0.0,0.0,0,[],9.910581,0,1,1,0.0,1,[155785741110057225363],1,1,0,0,1,1,0,0,0,0,0,0,0,1,9.910581,0.0,"[2.369018, 2.369018, 2.369018, 2.369018]",SERIKAI,0xd47292eb9e4d206cfefd4347bfbfc4622454ba64,zero-activity
0x02f8dab2e4289122f17739cb39b7554569f2eb07,Edgar,base,clanker,1771541435,96,0.0,0.0,0,[],0.0,0.0,0,0,0.0,0,[],0,0,0,0,0,0,0,0,0,0,0,0,0,0,0.0,0.0,[],Edgar,0x9b4db8d26e1b4d42005ff5573a07af86119b936f,no swaps in 90d;zero-activity
0x7c8866dbb78d1a64497b7a445d77658213410b07,HAVOCS,base,clanker,1771573781,96,0.0,0.0,0,[],0.0,0.0,0,0,0.0,0,[],0,0,0,0,0,0,0,0,0,0,0,0,0,0,0.0,0.0,[],HAVOCS,0xeb2ea558a7da501fdd12cbe048ec5f4aa8e526e2,no swaps in 90d;zero-activity
0xc5e373bb246867e5b036d64fc896f942421bbb07,inclawbate,base,clanker,1770883131,96,0.0,0.0,0,[],0.0,0.0,0,0,0.0,0,[],0,0,0,0,0,0,0,0,0,0,0,0,0,0,0.0,0.0,[],inclawbate,0xe34cd007576ff836239c5dd3117258acf127b144,no swaps in 90d;zero-activity
0x1b7fb23c08247c26e6da8114f9caa79a78078b07,Boots,base,clanker,1771610721,96,0.0,0.0,1,[0.0],9.910581,0,0,0,0.0,1,[1999896614709245685],1,1,0,0,1,1,0,0,0,0,0,0,0,1,9.910581,0.0,"[0.0, 0.0, 2.202374, 2.202374]",Boots,0xd47292eb9e4d206cfefd4347bfbfc4622454ba64,zero-activity
0x4263e0bcdc462a3f70f94e830d2d464bdb483b07,Test,base,clanker,1772299365,96,0.0,0.0,0,[],0.0,0.0,0,0,0.0,0,[],0,0,0,0,0,0,0,0,0,0,0,0,0,0,0.0,0.0,[],Test,0x0fbf06edddfab0946f146c0b0832943265ef25bc,no swaps in 90d;zero-activity
0xc6cbc35e742db4d1a0c2125f24dcb70517c3eb07,moltjesse,base,clanker,1770422885,96,0.0,0.0,0,[],9.910581,0,1,1,0.0,1,[99792364209051337977],1,1,0,0,1,1,0,0,0,0,0,0,0,1,9.910581,0.0,"[2.369018, 2.369018, 2.369018, 2.369018]",moltjesse,0x0949ed2c83edbab07cc5f567dc1a2b2972a8cf6a,zero-activity
0x842d669455da3c63aeb1110444be0bbb176eeb07,BABY,base,clanker,1775219209,96,0.0,0.0,0,[],0.0,0.0,0,0,0.0,0,[],0,0,0,0,0,0,0,0,0,0,0,0,0,0,0.0,0.0,[],BABY,0x812e608fdb6df361d52d63c9220324105afea8b3,no swaps in 90d;zero-activity
0xa16115b9c7f4b07b28106313c57c049c0f8b4a0f,TRUSTFORGE,base,clanker,1771043505,96,0.0,0.0,0,[],0.0,0.0,0,0,0.0,0,[],0,0,0,0,0,0,0,0,0,0,0,0,0,0,0.0,0.0,[],TRUSTFORGE,0xfc426dfeae55dae2f936a592450c9ecea87a5736,no swaps in 90d;zero-activity
0x6b4e80d7722a4d0b66d506930f5f29ee21bb8cff,MOLTCAST,base,clanker,1770034847,96,0.0,0.0,0,[],0.0,0.0,0,0,0.0,0,[],0,0,0,0,0,0,0,0,0,0,0,0,0,0,0.0,0.0,[],MOLTCAST,0xebac0a71e1b8100fca169ce3b829f9876be7ea10,no swaps in 90d;zero-activity
0xcb4ccdb252be316ffdae7075414824460b9b7b07,CHOPPED,base,clanker,1771464875,96,0.0,0.0,0,[],0.0,0.0,0,0,0.0,0,[],0,0,0,0,0,0,0,0,0,0,0,0,0,0,0.0,0.0,[],CHOPPED,0x6aa535025de0e16882e5d7ba0af269e95813ed9c,no swaps in 90d;zero-activity
0x8fd4fb8e049c873eba57444e8ddf9267c3a08b07,APEXADMINAI,base,clanker,1770971239,96,0.0,0.0,0,[],0.0,0.0,0,0,0.0,0,[],0,0,0,0,0,0,0,0,0,0,0,0,0,0,0.0,0.0,[],APEXADMINAI,0x59a1aa3f82c3338501821e3a1efc9f7f9831321c,no swaps in 90d;zero-activity
0xbecb8d52c814abb14db8448895d306665a598b07,KIMICLAW,base,clanker,1771187295,96,0.0,0.0,0,[],0.0,0.0,0,0,0.0,0,[],0,0,0,0,0,0,0,0,0,0,0,0,0,0,0.0,0.0,[],KIMICLAW,0xa22e733edcde5306ea06316f6a3fa7fb28fe658c,no swaps in 90d;zero-activity
0x25f96025a0f508a92f80dfaee48464fce4a74b07,Luccanbenned,base,clanker,1770239911,96,0.0,0.0,0,[],0.0,0.0,0,0,0.0,0,[],0,0,0,0,0,0,0,0,0,0,0,0,0,0,0.0,0.0,[],Luccanbennedeti,0xa77572993bedc25608579656f622ac5b3fc12d59,no swaps in 90d;zero-activity
0x98338c02fca80b972032dc58d5cf2dab07d80b07,SpawnBot,base,clanker,1770623277,96,0.0,0.0,0,[],9.910581,0,1,1,0.0,1,[107262459386518378061],1,1,0,0,1,1,0,0,0,0,0,0,0,1,9.910581,0.0,"[2.369018, 2.369018, 2.369018, 2.369018]",SpawnBot,0xd47292eb9e4d206cfefd4347bfbfc4622454ba64,zero-activity
0x1a563c23d5d59bbf03209f0e93f2a037da85eb07,BOLLER,base,clanker,1771569627,96,0.0,0.0,0,[],0.0,0.0,0,0,0.0,0,[],0,0,0,0,0,0,0,0,0,0,0,0,0,0,0.0,0.0,[],BOLLER,0xc77a3361de89d22cf511822b294aa712cd8f78a3,no swaps in 90d;zero-activity
0x0f8009dfbc56f84fd99691145197df2fd477cb07,CHILLMAYA,base,clanker,1771316057,96,0.0,0.0,0,[],0.0,0.0,0,0,0.0,0,[],0,0,0,0,0,0,0,0,0,0,0,0,0,0,0.0,0.0,[],CHILLMAYA,0x99c2f198aea5eda5932c578dece1a8c07886da40,no swaps in 90d;zero-activity
0x65a10185bbe0eb038e50019968500281beefab07,CLAWHYPER,base,clanker,1770791575,96,0.0,0.0,0,[],0.0,0.0,0,0,0.0,0,[],0,0,0,0,0,0,0,0,0,0,0,0,0,0,0.0,0.0,[],CLAWHYPER,0x8b55c987656ef0858e963e2fbc7c26996ae0d021,no swaps in 90d;zero-activity
0xa4c2f31b3c0010d1bab8f3dae0b4490aa7ff3b07,NEOFORM,base,clanker,1771028017,96,0.0,0.0,0,[],0.0,0.0,0,0,0.0,0,[],0,0,0,0,0,0,0,0,0,0,0,0,0,0,0.0,0.0,[],NEOFORM,0xd47292eb9e4d206cfefd4347bfbfc4622454ba64,no swaps in 90d;zero-activity
0xfa86512bf4f980974dbd9f8b14e4d7d98c5e1b07,WGPT,base,clanker,1771621937,96,0.0,0.0,0,[],0.0,0.0,0,0,0.0,0,[],0,0,0,0,0,0,0,0,0,0,0,0,0,0,0.0,0.0,[],WGPT,0x272e2487abc2b3dca2ae9f9f35275ff8f399c127,no swaps in 90d;zero-activity
0x83a16d13ca1820d3f2c71a5f19ca933c63117b07,dedAF,base,clanker,1770772327,96,0.0,0.0,0,[],9.910581,0,1,1,0.0,1,[1482600627202285927571],1,1,0,0,1,1,0,0,0,0,0,0,0,1,9.910581,0.0,"[2.369018, 2.369018, 2.369018, 2.369018]",dedAF,0xd47292eb9e4d206cfefd4347bfbfc4622454ba64,zero-activity
0x5b74c73aaea7e5dabab5ec1b96ff9d6158d77b07,synaraAi,base,clanker,1771012495,96,0.0,0.0,0,[],0.0,0.0,0,0,0.0,0,[],0,0,0,0,0,0,0,0,0,0,0,0,0,0,0.0,0.0,[],synaraAi,0xfcfd97b7c824c2ea0d2f243d56074b37ea7328e2,no swaps in 90d;zero-activity
0xff782f89b9feaa43b4e3aa573edc0e99eafcfb07,spareclaw,base,clanker,1770527601,96,0.0,0.0,0,[],0.0,0.0,0,0,0.0,0,[],0,0,0,0,0,0,0,0,0,0,0,0,0,0,0.0,0.0,[],spareclaw,0x013a6694dd1711f5f0df0c44ca27dd9410d8225c,no swaps in 90d;zero-activity
0xe73be679345424def3786a50d6c02af76262cb07,caseyprice74,base,clanker,1774160387,96,0.0,0.0,0,[],0.0,0.0,0,0,0.0,0,[],0,0,0,0,0,0,0,0,0,0,0,0,0,0,0.0,0.0,[],caseyprice745,0xc2fd754086121fb9c6599d03f5a0128c3834e575,no swaps in 90d;zero-activity
0xfad8ab397b77b9f0e8ec9fd082e02aa666611b07,ECHOWEAVE,base,clanker,1770919753,96,0.0,0.0,0,[],0.0,0.0,0,0,0.0,0,[],0,0,0,0,0,0,0,0,0,0,0,0,0,0,0.0,0.0,[],ECHOWEAVE,0xd4b34413fa3ea3a90acd2d15358c062b85346537,no swaps in 90d;zero-activity
0x2d1ff3bf23be32e4f36cfd10df0bfb13b3fa6b07,BARRY,base,clanker,1771608683,96,0.0,0.0,0,[],0.0,0.0,0,0,0.0,0,[],0,0,0,0,0,0,0,0,0,0,0,0,0,0,0.0,0.0,[],BARRY,0xd47292eb9e4d206cfefd4347bfbfc4622454ba64,no swaps in 90d;zero-activity
0x0fbf35d827b9122b4a4af95194193758f2619b07,CLAWD,base,clanker,1770257829,96,0.0,0.0,0,[],0.0,0.0,0,0,0.0,0,[],0,0,0,0,0,0,0,0,0,0,0,0,0,0,0.0,0.0,[],CLAWD,0x0a61dedd94b0bcb09463be1089893a57e60eb94d,no swaps in 90d;zero-activity
0xde2dbb98d54110e6daeefef8fb3a0345c01e2cb0,MOLTIQCRWCAG,base,clanker,1770769001,96,0.0,0.0,0,[],0.0,0.0,0,0,0.0,0,[],0,0,0,0,0,0,0,0,0,0,0,0,0,0,0.0,0.0,[],MOLTIQCRWCAGENT,0xfc426dfeae55dae2f936a592450c9ecea87a5736,no swaps in 90d;zero-activity
0x563ca9b1a2c1165eaa42c022d108994db1b44917,BOBIKSDOH,base,clanker,1770751607,96,0.0,0.0,0,[],0.0,0.0,0,0,0.0,0,[],0,0,0,0,0,0,0,0,0,0,0,0,0,0,0.0,0.0,[],BOBIKSDOH,0xfc426dfeae55dae2f936a592450c9ecea87a5736,no swaps in 90d;zero-activity
0xb260ac8ef285a4c7ecf7ad94978e4f710a4d7b07,pinai_io,base,clanker,1771032723,96,0.0,0.0,0,[],0.0,0.0,0,0,0.0,0,[],0,0,0,0,0,0,0,0,0,0,0,0,0,0,0.0,0.0,[],pinai_io,0xbcaba56d8e12022681a4a7110eb45ea03cb6e62e,no swaps in 90d;zero-activity
0x86d5c6a87919db8dbfc58711b819e18581eacb07,LEO,base,clanker,1771423929,96,0.0,0.0,0,[],0.0,0.0,0,0,0.0,0,[],0,0,0,0,0,0,0,0,0,0,0,0,0,0,0.0,0.0,[],LEO,0xd47292eb9e4d206cfefd4347bfbfc4622454ba64,no swaps in 90d;zero-activity
0xb5d0ef8d53d8ba6bde0f37dc4d5ce0d74edd2b07,stardust-hap,base,clanker,1770441599,96,0.0,0.0,0,[],0.0,0.0,0,0,0.0,0,[],0,0,0,0,0,0,0,0,0,0,0,0,0,0,0.0,0.0,[],stardust-happycapy,0x8209c77a02026f0736151f799b338a478bc1d6dc,no swaps in 90d;zero-activity
0xaf3e00ba2b98fe57b67a220fc80f828105a14b07,bigMol,base,clanker,1770467795,96,0.0,0.0,0,[],0.0,0.0,0,0,0.0,0,[],0,0,0,0,0,0,0,0,0,0,0,0,0,0,0.0,0.0,[],bigMol,0x837f60c0d1d816c4ac220b90e05b8dcdb9ba911e,no swaps in 90d;zero-activity
0x9dac685b0415bbcfa6b7e55a4f1787266335b8d3,TAOAI,base,clanker,1770565749,96,0.0,0.0,0,[],0.0,0.0,0,0,0.0,0,[],0,0,0,0,0,0,0,0,0,0,0,0,0,0,0.0,0.0,[],TAOAI,0xfc426dfeae55dae2f936a592450c9ecea87a5736,no swaps in 90d;zero-activity
0x91e0979bb928ec9d3b3539c0e1030708476d4a38,DANUBE,base,clanker,1770424935,96,0.0,0.0,0,[],0.0,0.0,0,0,0.0,0,[],0,0,0,0,0,0,0,0,0,0,0,0,0,0,0.0,0.0,[],DANUBE,0xfc426dfeae55dae2f936a592450c9ecea87a5736,no swaps in 90d;zero-activity
0x1c871ed1854a46cd35f9d21f5301bbbb7200bb07,NOVA,base,clanker,1770285027,96,0.0,0.0,0,[],0.0,0.0,0,0,0.0,0,[],0,0,0,0,0,0,0,0,0,0,0,0,0,0,0.0,0.0,[],NOVA,0x45c2cb038f687f98b42b9f411fe5bf5fd63dd094,no swaps in 90d;zero-activity
0xba73b796788e826e4d421ac59f1043247698a04f,XVKPDYHFOD,base,clanker,1770795779,96,0.0,0.0,0,[],0.0,0.0,0,0,0.0,0,[],0,0,0,0,0,0,0,0,0,0,0,0,0,0,0.0,0.0,[],XVKPDYHFOD,0xfc426dfeae55dae2f936a592450c9ecea87a5736,no swaps in 90d;zero-activity
0x77b07afc0148fae9efcd48f0f7058f6ec6e42b07,OPENAGENT,base,clanker,1771694331,96,0.0,0.0,0,[],0.0,0.0,0,0,0.0,0,[],0,0,0,0,0,0,0,0,0,0,0,0,0,0,0.0,0.0,[],OPENAGENT,0xd11b8a1399a4e21bf48bb2106c620fa7ece7ddf1,no swaps in 90d;zero-activity
0x09a314cfc0637293b1fc5b4bc22122d856c65b07,lastDog,base,clanker,1772696335,96,0.0,0.0,0,[],0.0,0.0,0,0,0.0,0,[],0,0,0,0,0,0,0,0,0,0,0,0,0,0,0.0,0.0,[],lastDog,0xd64e26dc5a79e275759238360f6f8e2191b32d8e,no swaps in 90d;zero-activity
0x4945fbfad38d9cba8dd3ce846c08f2fe53aa953e,UNICLAW,base,clanker,1770286009,96,0.0,0.0,0,[],0.0,0.0,0,0,0.0,0,[],0,0,0,0,0,0,0,0,0,0,0,0,0,0,0.0,0.0,[],UNICLAW,0x9e7cf16379497767a0dae4b9cb7a8aa357b96d3e,no swaps in 90d;zero-activity
0x8d67003ea9c9da2c39e41c31f0929c40834e1b07,xyz,base,clanker,1771655171,96,0.0,0.0,0,[],0.0,0.0,0,0,0.0,0,[],0,0,0,0,0,0,0,0,0,0,0,0,0,0,0.0,0.0,[],xyz,0x450c4c925089e8a82c514f528cb7e90c4f956050,no swaps in 90d;zero-activity
0x714a1a0f063c2ca524912641ff7e8a861d815b11,MOSTAFAAGE,base,clanker,1770030891,96,0.0,0.0,0,[],0.0,0.0,0,0,0.0,0,[],0,0,0,0,0,0,0,0,0,0,0,0,0,0,0.0,0.0,[],MOSTAFAAGE,0xfc426dfeae55dae2f936a592450c9ecea87a5736,no swaps in 90d;zero-activity
0x9795753c964f7e22882a4ef493c888d7c3449fe8,Farzad,base,clanker,1770166047,96,0.0,0.0,0,[],0.0,0.0,0,0,0.0,0,[],0,0,0,0,0,0,0,0,0,0,0,0,0,0,0.0,0.0,[],Farzad,0x32ee2c1c706456d6e8eea9634332261d6567c319,no swaps in 90d;zero-activity
0x94e5a35902e8b3ecef80a22ef4b80298c4e23b07,SonTW,base,clanker,1770676849,96,0.0,0.0,0,[],0.0,0.0,0,0,0.0,0,[],0,0,0,0,0,0,0,0,0,0,0,0,0,0,0.0,0.0,[],SonTW,0x274b0e181467e0861194dc726d4ec7ed40903a94,no swaps in 90d;zero-activity
0xa26bd0320985be7f834fb29132518e7844828b07,MPAY,base,clanker,1770065891,96,0.0,0.0,0,[],0.0,0.0,0,0,0.0,0,[],0,0,0,0,0,0,0,0,0,0,0,0,0,0,0.0,0.0,[],MPAY,0xd7a8b13f13cdb11416abd8b12677b2d4a993a845,no swaps in 90d;zero-activity
0x95978c80728af4bac63e1c3dac1dff224a33db07,CLAWLAW,base,clanker,1770186167,96,0.0,0.0,0,[],0.0,0.0,0,0,0.0,0,[],0,0,0,0,0,0,0,0,0,0,0,0,0,0,0.0,0.0,[],CLAWLAW,0xe8ebaf0cd73baff5ed11b79b7b148f2c3223ffae,no swaps in 90d;zero-activity
0xaefdd5bfd433bfdc098965cdfab6691559b76b07,moclaw,base,clanker,1770069693,96,0.0,0.0,0,[],0.0,0.0,0,0,0.0,0,[],0,0,0,0,0,0,0,0,0,0,0,0,0,0,0.0,0.0,[],moclaw,0xe769c7133cfd2e2cabff00cf718932ab588c2a1d,no swaps in 90d;zero-activity
0xfa7b2ec4a4266d70fb18c78d844da545d6f43b07,MoChat,base,clanker,1770541891,96,0.0,0.0,0,[],0.0,0.0,0,0,0.0,0,[],0,0,0,0,0,0,0,0,0,0,0,0,0,0,0.0,0.0,[],MoChat,0xa0b5edd737bcc65d6be634358b74bae0a281135d,no swaps in 90d;zero-activity
